<rspec xmlns:xsi="http://www.w3.org/2001/XMLSchema-instance" xmlns:client="http://www.protogeni.net/resources/rspec/ext/client/1" xmlns="http://www.geni.net/resources/rspec/3" xsi:schemaLocation="http://www.geni.net/resources/rspec/3 http://www.geni.net/resources/rspec/3/request.xsd" type="request">
  <node client_id="rt-1" exclusive="false">
    <sliver_type name="emulab-xen">
      <disk_image name="https://www.instageni.clemson.edu/image_metadata.php?uuid=5417bcef-224e-11e4-aa5a-000000000000"/>
      <ns1:xen xmlns:ns1="http://www.protogeni.net/resources/rspec/ext/emulab/1" cores="1" ram="256" disk="8"/>
    </sliver_type>
    <interface client_id="rt-1:if1">
      <ip address="192.168.1.1" netmask="255.255.255.0" type="ipv4"/>
    </interface>
    <interface client_id="rt-1:if2">
      <ip address="192.168.2.1" netmask="255.255.255.0" type="ipv4"/>
    </interface>
    <services>
      <install url="http://www.gpolab.bbn.com/exp/sysexpr/xorp_autostart.tar.gz" install_path="/local"/>
      <install url="http://www.gpolab.bbn.com/exp/sysexpr/xorp_run.tar.gz" install_path="/local"/>
      <install url="http://emmy9.casa.umass.edu/GEC-20/gimidev.tar.gz" install_path="/"/>
      <install url="http://www.gpolab.bbn.com/exp/sysexpr/labwiki.tar.gz" install_path="/local"/>
      <install url="http://www.gpolab.bbn.com/exp/sysexpr/install_script.tar.gz" install_path="/local"/>
      <execute shell="sh" command="/bin/bash /local/xorp_autostart/start-xorp.sh"/>
      <execute shell="sh" command="/bin/bash /local/install_script/initial_install.sh"/>
      <execute shell="sh" command="sudo sh /gimidev/gimibot.sh"/>
    </services>
    <ns0:routable_control_ip xmlns:ns0="http://www.protogeni.net/resources/rspec/ext/emulab/1"/>
  </node>
  <node client_id="rt-2" exclusive="false">
    <sliver_type name="emulab-xen">
      <disk_image name="https://www.instageni.clemson.edu/image_metadata.php?uuid=5417bcef-224e-11e4-aa5a-000000000000"/>
      <ns3:xen xmlns:ns3="http://www.protogeni.net/resources/rspec/ext/emulab/1" cores="1" ram="256" disk="8"/>
    </sliver_type>
    <interface client_id="rt-2:if1">
      <ip address="192.168.1.2" netmask="255.255.255.0" type="ipv4"/>
    </interface>
    <interface client_id="rt-2:if2">
      <ip address="192.168.3.1" netmask="255.255.255.0" type="ipv4"/>
    </interface>
    <services>
      <install url="http://www.gpolab.bbn.com/exp/sysexpr/xorp_autostart.tar.gz" install_path="/local"/>
      <install url="http://www.gpolab.bbn.com/exp/sysexpr/xorp_run.tar.gz" install_path="/local"/>
      <install url="http://emmy9.casa.umass.edu/GEC-20/gimidev.tar.gz" install_path="/"/>
      <install url="http://www.gpolab.bbn.com/exp/sysexpr/labwiki.tar.gz" install_path="/local"/>
      <install url="http://www.gpolab.bbn.com/exp/sysexpr/install_script.tar.gz" install_path="/local"/>
      <execute shell="sh" command="/bin/bash /local/xorp_autostart/start-xorp.sh"/>
      <execute shell="sh" command="/bin/bash /local/install_script/initial_install.sh"/>
      <execute shell="sh" command="sudo sh /gimidev/gimibot.sh"/>
    </services>
    <ns2:routable_control_ip xmlns:ns2="http://www.protogeni.net/resources/rspec/ext/emulab/1"/>
  </node>
  <node client_id="rt-3" exclusive="false">
    <sliver_type name="emulab-xen">
      <disk_image name="https://www.instageni.clemson.edu/image_metadata.php?uuid=5417bcef-224e-11e4-aa5a-000000000000"/>
      <ns5:xen xmlns:ns5="http://www.protogeni.net/resources/rspec/ext/emulab/1" cores="1" ram="256" disk="8"/>
    </sliver_type>
    <interface client_id="rt-3:if1">
      <ip address="192.168.3.2" netmask="255.255.255.0" type="ipv4"/>
    </interface>
    <interface client_id="rt-3:if2">
      <ip address="192.168.4.1" netmask="255.255.255.0" type="ipv4"/>
    </interface>
    <services>
      <install url="http://www.gpolab.bbn.com/exp/sysexpr/xorp_autostart.tar.gz" install_path="/local"/>
      <install url="http://www.gpolab.bbn.com/exp/sysexpr/xorp_run.tar.gz" install_path="/local"/>
      <install url="http://emmy9.casa.umass.edu/GEC-20/gimidev.tar.gz" install_path="/"/>
      <install url="http://www.gpolab.bbn.com/exp/sysexpr/labwiki.tar.gz" install_path="/local"/>
      <install url="http://www.gpolab.bbn.com/exp/sysexpr/install_script.tar.gz" install_path="/local"/>
      <execute shell="sh" command="/bin/bash /local/xorp_autostart/start-xorp.sh"/>
      <execute shell="sh" command="/bin/bash /local/install_script/initial_install.sh"/>
      <execute shell="sh" command="sudo sh /gimidev/gimibot.sh"/>
    </services>
    <ns4:routable_control_ip xmlns:ns4="http://www.protogeni.net/resources/rspec/ext/emulab/1"/>
  </node>
  <node client_id="rt-4" exclusive="false">
    <sliver_type name="emulab-xen">
      <disk_image name="https://www.instageni.clemson.edu/image_metadata.php?uuid=5417bcef-224e-11e4-aa5a-000000000000"/>
      <ns7:xen xmlns:ns7="http://www.protogeni.net/resources/rspec/ext/emulab/1" cores="1" ram="256" disk="8"/>
    </sliver_type>
    <interface client_id="rt-4:if1">
      <ip address="192.168.4.2" netmask="255.255.255.0" type="ipv4"/>
    </interface>
    <interface client_id="rt-4:if2">
      <ip address="192.168.5.1" netmask="255.255.255.0" type="ipv4"/>
    </interface>
    <services>
      <install url="http://www.gpolab.bbn.com/exp/sysexpr/xorp_autostart.tar.gz" install_path="/local"/>
      <install url="http://www.gpolab.bbn.com/exp/sysexpr/xorp_run.tar.gz" install_path="/local"/>
      <install url="http://emmy9.casa.umass.edu/GEC-20/gimidev.tar.gz" install_path="/"/>
      <install url="http://www.gpolab.bbn.com/exp/sysexpr/labwiki.tar.gz" install_path="/local"/>
      <install url="http://www.gpolab.bbn.com/exp/sysexpr/install_script.tar.gz" install_path="/local"/>
      <execute shell="sh" command="/bin/bash /local/xorp_autostart/start-xorp.sh"/>
      <execute shell="sh" command="/bin/bash /local/install_script/initial_install.sh"/>
      <execute shell="sh" command="sudo sh /gimidev/gimibot.sh"/>
    </services>
    <ns6:routable_control_ip xmlns:ns6="http://www.protogeni.net/resources/rspec/ext/emulab/1"/>
  </node>
  <node client_id="rt-5" exclusive="false">
    <sliver_type name="emulab-xen">
      <disk_image name="https://www.instageni.clemson.edu/image_metadata.php?uuid=5417bcef-224e-11e4-aa5a-000000000000"/>
      <ns9:xen xmlns:ns9="http://www.protogeni.net/resources/rspec/ext/emulab/1" cores="1" ram="256" disk="8"/>
    </sliver_type>
    <interface client_id="rt-5:if1">
      <ip address="192.168.5.2" netmask="255.255.255.0" type="ipv4"/>
    </interface>
    <interface client_id="rt-5:if2">
      <ip address="192.168.6.1" netmask="255.255.255.0" type="ipv4"/>
    </interface>
    <services>
      <install url="http://www.gpolab.bbn.com/exp/sysexpr/xorp_autostart.tar.gz" install_path="/local"/>
      <install url="http://www.gpolab.bbn.com/exp/sysexpr/xorp_run.tar.gz" install_path="/local"/>
      <install url="http://emmy9.casa.umass.edu/GEC-20/gimidev.tar.gz" install_path="/"/>
      <install url="http://www.gpolab.bbn.com/exp/sysexpr/labwiki.tar.gz" install_path="/local"/>
      <install url="http://www.gpolab.bbn.com/exp/sysexpr/install_script.tar.gz" install_path="/local"/>
      <execute shell="sh" command="/bin/bash /local/xorp_autostart/start-xorp.sh"/>
      <execute shell="sh" command="/bin/bash /local/install_script/initial_install.sh"/>
      <execute shell="sh" command="sudo sh /gimidev/gimibot.sh"/>
    </services>
    <ns8:routable_control_ip xmlns:ns8="http://www.protogeni.net/resources/rspec/ext/emulab/1"/>
  </node>
  <node client_id="rt-6" exclusive="false">
    <sliver_type name="emulab-xen">
      <disk_image name="https://www.instageni.clemson.edu/image_metadata.php?uuid=5417bcef-224e-11e4-aa5a-000000000000"/>
      <ns11:xen xmlns:ns11="http://www.protogeni.net/resources/rspec/ext/emulab/1" cores="1" ram="256" disk="8"/>
    </sliver_type>
    <interface client_id="rt-6:if1">
      <ip address="192.168.6.2" netmask="255.255.255.0" type="ipv4"/>
    </interface>
    <interface client_id="rt-6:if2">
      <ip address="192.168.7.1" netmask="255.255.255.0" type="ipv4"/>
    </interface>
    <services>
      <install url="http://www.gpolab.bbn.com/exp/sysexpr/xorp_autostart.tar.gz" install_path="/local"/>
      <install url="http://www.gpolab.bbn.com/exp/sysexpr/xorp_run.tar.gz" install_path="/local"/>
      <install url="http://emmy9.casa.umass.edu/GEC-20/gimidev.tar.gz" install_path="/"/>
      <install url="http://www.gpolab.bbn.com/exp/sysexpr/labwiki.tar.gz" install_path="/local"/>
      <install url="http://www.gpolab.bbn.com/exp/sysexpr/install_script.tar.gz" install_path="/local"/>
      <execute shell="sh" command="/bin/bash /local/xorp_autostart/start-xorp.sh"/>
      <execute shell="sh" command="/bin/bash /local/install_script/initial_install.sh"/>
      <execute shell="sh" command="sudo sh /gimidev/gimibot.sh"/>
    </services>
    <ns10:routable_control_ip xmlns:ns10="http://www.protogeni.net/resources/rspec/ext/emulab/1"/>
  </node>
  <node client_id="rt-7" exclusive="false">
    <sliver_type name="emulab-xen">
      <disk_image name="https://www.instageni.clemson.edu/image_metadata.php?uuid=5417bcef-224e-11e4-aa5a-000000000000"/>
      <ns13:xen xmlns:ns13="http://www.protogeni.net/resources/rspec/ext/emulab/1" cores="1" ram="256" disk="8"/>
    </sliver_type>
    <interface client_id="rt-7:if1">
      <ip address="192.168.7.2" netmask="255.255.255.0" type="ipv4"/>
    </interface>
    <interface client_id="rt-7:if2">
      <ip address="192.168.8.1" netmask="255.255.255.0" type="ipv4"/>
    </interface>
    <services>
      <install url="http://www.gpolab.bbn.com/exp/sysexpr/xorp_autostart.tar.gz" install_path="/local"/>
      <install url="http://www.gpolab.bbn.com/exp/sysexpr/xorp_run.tar.gz" install_path="/local"/>
      <install url="http://emmy9.casa.umass.edu/GEC-20/gimidev.tar.gz" install_path="/"/>
      <install url="http://www.gpolab.bbn.com/exp/sysexpr/labwiki.tar.gz" install_path="/local"/>
      <install url="http://www.gpolab.bbn.com/exp/sysexpr/install_script.tar.gz" install_path="/local"/>
      <execute shell="sh" command="/bin/bash /local/xorp_autostart/start-xorp.sh"/>
      <execute shell="sh" command="/bin/bash /local/install_script/initial_install.sh"/>
      <execute shell="sh" command="sudo sh /gimidev/gimibot.sh"/>
    </services>
    <ns12:routable_control_ip xmlns:ns12="http://www.protogeni.net/resources/rspec/ext/emulab/1"/>
  </node>
  <node client_id="rt-8" exclusive="false">
    <sliver_type name="emulab-xen">
      <disk_image name="https://www.instageni.clemson.edu/image_metadata.php?uuid=5417bcef-224e-11e4-aa5a-000000000000"/>
      <ns15:xen xmlns:ns15="http://www.protogeni.net/resources/rspec/ext/emulab/1" cores="1" ram="256" disk="8"/>
    </sliver_type>
    <interface client_id="rt-8:if1">
      <ip address="192.168.8.2" netmask="255.255.255.0" type="ipv4"/>
    </interface>
    <interface client_id="rt-8:if2">
      <ip address="192.168.9.1" netmask="255.255.255.0" type="ipv4"/>
    </interface>
    <services>
      <install url="http://www.gpolab.bbn.com/exp/sysexpr/xorp_autostart.tar.gz" install_path="/local"/>
      <install url="http://www.gpolab.bbn.com/exp/sysexpr/xorp_run.tar.gz" install_path="/local"/>
      <install url="http://emmy9.casa.umass.edu/GEC-20/gimidev.tar.gz" install_path="/"/>
      <install url="http://www.gpolab.bbn.com/exp/sysexpr/labwiki.tar.gz" install_path="/local"/>
      <install url="http://www.gpolab.bbn.com/exp/sysexpr/install_script.tar.gz" install_path="/local"/>
      <execute shell="sh" command="/bin/bash /local/xorp_autostart/start-xorp.sh"/>
      <execute shell="sh" command="/bin/bash /local/install_script/initial_install.sh"/>
      <execute shell="sh" command="sudo sh /gimidev/gimibot.sh"/>
    </services>
    <ns14:routable_control_ip xmlns:ns14="http://www.protogeni.net/resources/rspec/ext/emulab/1"/>
  </node>
  <node client_id="rt-9" exclusive="false">
    <sliver_type name="emulab-xen">
      <disk_image name="https://www.instageni.clemson.edu/image_metadata.php?uuid=5417bcef-224e-11e4-aa5a-000000000000"/>
      <ns17:xen xmlns:ns17="http://www.protogeni.net/resources/rspec/ext/emulab/1" cores="1" ram="256" disk="8"/>
    </sliver_type>
    <interface client_id="rt-9:if1">
      <ip address="192.168.9.2" netmask="255.255.255.0" type="ipv4"/>
    </interface>
    <interface client_id="rt-9:if2">
      <ip address="192.168.10.1" netmask="255.255.255.0" type="ipv4"/>
    </interface>
    <services>
      <install url="http://www.gpolab.bbn.com/exp/sysexpr/xorp_autostart.tar.gz" install_path="/local"/>
      <install url="http://www.gpolab.bbn.com/exp/sysexpr/xorp_run.tar.gz" install_path="/local"/>
      <install url="http://emmy9.casa.umass.edu/GEC-20/gimidev.tar.gz" install_path="/"/>
      <install url="http://www.gpolab.bbn.com/exp/sysexpr/labwiki.tar.gz" install_path="/local"/>
      <install url="http://www.gpolab.bbn.com/exp/sysexpr/install_script.tar.gz" install_path="/local"/>
      <execute shell="sh" command="/bin/bash /local/xorp_autostart/start-xorp.sh"/>
      <execute shell="sh" command="/bin/bash /local/install_script/initial_install.sh"/>
      <execute shell="sh" command="sudo sh /gimidev/gimibot.sh"/>
    </services>
    <ns16:routable_control_ip xmlns:ns16="http://www.protogeni.net/resources/rspec/ext/emulab/1"/>
  </node>
  <node client_id="rt-10" exclusive="false">
    <sliver_type name="emulab-xen">
      <disk_image name="https://www.instageni.clemson.edu/image_metadata.php?uuid=5417bcef-224e-11e4-aa5a-000000000000"/>
      <ns19:xen xmlns:ns19="http://www.protogeni.net/resources/rspec/ext/emulab/1" cores="1" ram="256" disk="8"/>
    </sliver_type>
    <interface client_id="rt-10:if1">
      <ip address="192.168.2.2" netmask="255.255.255.0" type="ipv4"/>
    </interface>
    <interface client_id="rt-10:if2">
      <ip address="192.168.10.2" netmask="255.255.255.0" type="ipv4"/>
    </interface>
    <services>
      <install url="http://www.gpolab.bbn.com/exp/sysexpr/xorp_autostart.tar.gz" install_path="/local"/>
      <install url="http://www.gpolab.bbn.com/exp/sysexpr/xorp_run.tar.gz" install_path="/local"/>
      <install url="http://emmy9.casa.umass.edu/GEC-20/gimidev.tar.gz" install_path="/"/>
      <install url="http://www.gpolab.bbn.com/exp/sysexpr/labwiki.tar.gz" install_path="/local"/>
      <install url="http://www.gpolab.bbn.com/exp/sysexpr/install_script.tar.gz" install_path="/local"/>
      <execute shell="sh" command="/bin/bash /local/xorp_autostart/start-xorp.sh"/>
      <execute shell="sh" command="/bin/bash /local/install_script/initial_install.sh"/>
      <execute shell="sh" command="sudo sh /gimidev/gimibot.sh"/>
    </services>
    <ns18:routable_control_ip xmlns:ns18="http://www.protogeni.net/resources/rspec/ext/emulab/1"/>
  </node>
  <link client_id="lan0">
    <interface_ref client_id="rt-1:if1"/>
    <interface_ref client_id="rt-2:if1"/>
    <link_type name="lan"/>
  </link>
  <link client_id="lan1">
    <interface_ref client_id="rt-1:if2"/>
    <interface_ref client_id="rt-10:if1"/>
    <link_type name="lan"/>
  </link>
  <link client_id="lan2">
    <interface_ref client_id="rt-2:if2"/>
    <interface_ref client_id="rt-3:if1"/>
    <link_type name="lan"/>
  </link>
  <link client_id="lan3">
    <interface_ref client_id="rt-3:if2"/>
    <interface_ref client_id="rt-4:if1"/>
    <link_type name="lan"/>
  </link>
  <link client_id="lan4">
    <interface_ref client_id="rt-4:if2"/>
    <interface_ref client_id="rt-5:if1"/>
    <link_type name="lan"/>
  </link>
  <link client_id="lan5">
    <interface_ref client_id="rt-5:if2"/>
    <interface_ref client_id="rt-6:if1"/>
    <link_type name="lan"/>
  </link>
  <link client_id="lan6">
    <interface_ref client_id="rt-6:if2"/>
    <interface_ref client_id="rt-7:if1"/>
    <link_type name="lan"/>
  </link>
  <link client_id="lan7">
    <interface_ref client_id="rt-7:if2"/>
    <interface_ref client_id="rt-8:if1"/>
    <link_type name="lan"/>
  </link>
  <link client_id="lan8">
    <interface_ref client_id="rt-8:if2"/>
    <interface_ref client_id="rt-9:if1"/>
    <link_type name="lan"/>
  </link>
  <link client_id="lan9">
    <interface_ref client_id="rt-9:if2"/>
    <interface_ref client_id="rt-10:if2"/>
    <link_type name="lan"/>
  </link>
</rspec>
